site,pft,temp,Qle,B
AdelaideRiver,SAV,37.99532470703127,94.95089862744014,1.6081124169148644
AdelaideRiver,SAV,37.72121582031252,119.71511335372925,1.3413226948632386
AdelaideRiver,SAV,37.99483642578127,112.28573177478931,1.4719713963118248
AdelaideRiver,SAV,36.99968872070315,132.6993580508232,1.2362936721997975
AdelaideRiver,SAV,36.41921386718752,136.87660319988544,0.8808944386577373
Calperum,EBF,37.00933227539065,31.300792111290825,6.276713451344209
Calperum,EBF,35.90984497070315,40.38017967012193,5.82170872099792
Calperum,EBF,35.33352050781252,47.596614078239156,3.764269498519586
Calperum,EBF,32.1379333496094,49.356794995921,4.069952823971308
Calperum,EBF,29.960046386718773,81.9754657518296,1.922475464469196
Calperum,EBF,37.79964599609377,18.89804428898626,10.003639735582968
Calperum,EBF,34.7755065917969,28.5320767838022,8.623293025074911
Calperum,EBF,29.489404296875023,31.868449563980104,9.583338946455047
Calperum,EBF,26.648492431640648,35.901160633564,8.689172436826533
Calperum,EBF,36.6610046386719,18.189036644671273,10.03783438341319
Calperum,EBF,37.8571716308594,15.146273198335066,8.339251254194561
Calperum,EBF,32.34566650390627,22.446507540487108,9.073926293250668
Calperum,EBF,30.409448242187523,28.929227215903147,6.946397914872205
Calperum,EBF,25.225549316406273,20.076997334306892,12.887735431893987
Calperum,EBF,23.178613281250023,27.250400548631493,9.538078850497456
Calperum,EBF,37.91573486328127,23.717524886131287,7.376744577565887
Calperum,EBF,32.3823181152344,20.339498755238626,10.333335860382336
Calperum,EBF,27.055780029296898,27.079642843008042,9.485646360341246
Calperum,EBF,27.554193115234398,21.66926476955414,13.003527896100113
Calperum,EBF,27.427301025390648,25.64138287305832,8.785352620669192
Calperum,EBF,38.18428955078127,24.952094316482544,8.925666518791443
Calperum,EBF,32.97136840820315,26.77533806995912,8.715056559779104
Calperum,EBF,26.612634277343773,26.987457746950287,8.778556757071103
Calperum,EBF,24.745111083984398,31.773729577064515,8.60547945337338
Calperum,EBF,23.560418701171898,36.670759144036666,8.360984950620935
Calperum,EBF,38.18843994140627,25.64940377840629,9.679319435853486
Calperum,EBF,34.0024353027344,27.985998527407645,9.318786016174393
Calperum,EBF,29.153680419921898,33.874148383140565,8.0396444505614
Calperum,EBF,26.663232421875023,23.3954901209584,11.479827613713478
Calperum,EBF,25.232537841796898,30.716492389639217,7.022289803585897
Calperum,EBF,38.3488708496094,33.235062047054896,8.602505121724356
Calperum,EBF,35.24978027343752,28.848868424693745,8.377192527997225
Calperum,EBF,31.351922607421898,25.701230234503747,10.483624209086372
Calperum,EBF,30.281121826171898,29.80324183339658,9.409909087959553
Calperum,EBF,36.05132446289065,25.615245139598848,9.949520456048045
Calperum,EBF,38.35173950195315,89.63373635292054,2.7287539351710817
Calperum,EBF,37.04241333007815,74.94209581834299,2.728144185195285
Calperum,EBF,36.61684570312502,86.96430441471082,2.3501590606139477
Calperum,EBF,38.06478271484377,90.869869556427,2.111079897581012
Calperum,EBF,34.96978149414065,75.7647054706301,3.1719651367363624
Calperum,EBF,38.3787780761719,36.27048229729688,5.072086166774633
Calperum,EBF,33.59523925781252,49.07709004481634,4.51356022956972
Calperum,EBF,32.69558105468752,51.20842153082291,3.7541748058315854
Calperum,EBF,37.5827575683594,45.24767164562059,2.3145586580582824
Calperum,EBF,36.25429687500002,38.11673213217569,5.226131542878049
Calperum,EBF,38.45467529296877,27.68257408738136,8.259542312323422
Calperum,EBF,36.21233520507815,26.525495211283367,7.7504923869687525
Calperum,EBF,31.431848144531273,47.51931147972743,3.7369840783601447
Calperum,EBF,35.17461547851565,52.13446913424291,4.019383685380536
Calperum,EBF,31.029351806640648,24.25305886495681,10.145745843560707
Calperum,EBF,38.62651977539065,39.44953107292002,5.723663808592472
Calperum,EBF,37.6854187011719,40.845500136676584,6.065824749095536
Calperum,EBF,29.227014160156273,27.836342405814392,8.49375802557951
Calperum,EBF,27.141229248046898,26.64604245339121,10.54746863396807
Calperum,EBF,24.779260253906273,35.439763692709114,8.744769151694923
Calperum,EBF,38.86043701171877,84.48874315848717,1.070806799556865
Calperum,EBF,34.39824829101565,111.69908277002665,1.1751586712339563
Calperum,EBF,34.59893188476565,106.96023680613591,1.3608777185148566
Calperum,EBF,30.195794677734398,88.04599435121885,1.608018216621358
Calperum,EBF,26.569909667968773,94.72118508815765,1.7280486619780735
Calperum,EBF,38.8991638183594,21.1781997470944,6.186167018900435
Calperum,EBF,32.20073852539065,22.138607054948807,7.132825359443973
Calperum,EBF,36.37160644531252,23.712915811538696,6.790008607884866
Calperum,EBF,33.28728637695315,18.99026124427716,7.616744121047537
Calperum,EBF,27.701409912109398,24.02061563332311,6.530431492885555
Calperum,EBF,39.22200927734377,25.93490477583625,7.678846694885282
Calperum,EBF,39.01516113281252,30.299499163776638,7.453731500283757
Calperum,EBF,38.50289306640627,28.41519386291504,5.990560980974654
Calperum,EBF,35.38680419921877,45.41777503490448,3.217407611933415
Calperum,EBF,33.86690673828127,26.32763806633327,5.608032069741459
Calperum,EBF,39.52474365234377,114.18395878314972,1.7352995845941086
Calperum,EBF,35.39370117187502,99.00589789794041,2.3006810940818028
Calperum,EBF,34.22652587890627,95.15353318623134,2.2553008246910466
Calperum,EBF,31.282617187500023,97.3229700614666,2.1383697591200312
Calperum,EBF,27.550256347656273,82.79381875480924,1.8875748651624613
Calperum,EBF,39.52474365234377,114.18395878314972,1.7352995845941086
Calperum,EBF,35.39370117187502,99.00589789794041,2.3006810940818028
Calperum,EBF,34.22652587890627,95.15353318623134,2.2553008246910466
Calperum,EBF,31.282617187500023,97.3229700614666,2.1383697591200312
Calperum,EBF,27.550256347656273,82.79381875480924,1.8875748651624613
Calperum,EBF,39.81160888671877,65.49403390075479,3.0604492835092145
Calperum,EBF,36.46706542968752,65.13945941414151,3.1197981811129223
Calperum,EBF,31.052880859375023,64.40037354986582,3.6568219534163333
Calperum,EBF,29.851617431640648,69.58801939657756,2.54845571572256
Calperum,EBF,29.688348388671898,56.897728346288204,4.031171727907437
Calperum,EBF,40.02837524414065,91.10014788309734,2.4240176416566594
Calperum,EBF,37.53750000000002,95.4154248046875,2.3948087135679024
Calperum,EBF,31.517602539062523,77.81141572060257,3.0796023411038864
Calperum,EBF,29.156945800781273,80.11614882534948,3.1433222681403343
Calperum,EBF,27.810052490234398,70.23756111945424,2.4710797497779207
Calperum,EBF,40.11342773437502,23.40314827646528,10.00671844995959
Calperum,EBF,30.848748779296898,29.91432919740677,7.074302251758576
Calperum,EBF,25.258355712890648,32.50574628978968,8.37505923087848
Calperum,EBF,22.344079589843773,38.73356039627738,6.591543152525344
Calperum,EBF,37.60726318359377,27.745246477127075,5.692195225918398
Calperum,EBF,40.52565917968752,27.731452501737156,8.641964236827164
Calperum,EBF,36.74306640625002,27.557479079812765,10.126612279575175
Calperum,EBF,32.81966552734377,17.843282719039255,11.499518141240905
Calperum,EBF,30.805017089843773,39.34955399831136,9.132968441744056
Calperum,EBF,27.748651123046898,26.03129413853521,13.389163092264155
Calperum,EBF,40.69439086914065,27.386692993915997,9.594281715615402
Calperum,EBF,32.9537292480469,24.841127765675385,11.305116514147612
Calperum,EBF,31.909417724609398,35.26262155446139,8.753401130763908
Calperum,EBF,37.52349243164065,36.412536371837966,8.648022839414846
Calperum,EBF,33.79595336914065,21.97577327379474,12.151385441897567
Calperum,EBF,40.69439086914065,27.386692993915997,9.594281715615402
Calperum,EBF,32.9537292480469,24.841127765675385,11.305116514147612
Calperum,EBF,31.909417724609398,35.26262155446139,8.753401130763908
Calperum,EBF,37.52349243164065,36.412536371837966,8.648022839414846
Calperum,EBF,33.79595336914065,21.97577327379474,12.151385441897567
Calperum,EBF,40.80800781250002,20.11783436865642,10.162405689807246
Calperum,EBF,35.46273193359377,20.346143794747498,12.147852411765784
Calperum,EBF,30.052728271484398,34.05891660772837,7.9362835986193145
Calperum,EBF,25.543542480468773,22.86680213928223,11.220465589005947
Calperum,EBF,23.459588623046898,28.041336788071526,8.22726207842837
Calperum,EBF,40.85039672851565,42.05012158632278,4.107030989284075
Calperum,EBF,39.35183105468752,38.44638987779617,5.453285572234896
Calperum,EBF,36.65535888671877,27.228388395309448,10.491395963105099
Calperum,EBF,31.306726074218773,34.930454616193416,8.823432281184315
Calperum,EBF,27.725274658203148,40.76694396690086,7.73513674020224
Calperum,EBF,41.0891052246094,25.108934896963614,6.972028033348227
Calperum,EBF,36.05477294921877,27.955700444487427,5.429653872869855
Calperum,EBF,33.26030883789065,28.873773235541123,6.2735369770122205
Calperum,EBF,29.792352294921898,21.167281937140686,9.30033497988667
Calperum,EBF,26.299493408203148,25.633269745370615,8.57940461615333
Calperum,EBF,41.32268676757815,24.606798929233964,5.916101741908222
Calperum,EBF,36.79781494140627,19.08513730821701,9.756668527114252
Calperum,EBF,30.625573730468773,24.841297852244818,6.623920552465124
Calperum,EBF,28.393029785156273,30.905916578629437,8.267113700916672
Calperum,EBF,26.326654052734398,27.982505143984504,8.960881919262924
Calperum,EBF,41.88662109375002,25.910637159432685,6.97967571304641
Calperum,EBF,37.99541625976565,33.72185632586479,8.336319388165254
Calperum,EBF,33.10308227539065,32.28259541630745,9.751749768970079
Calperum,EBF,29.613916015625023,54.64208803353486,5.704762940281486
Calperum,EBF,41.84053955078127,23.955742913743723,10.862823615260337
Calperum,EBF,41.8884216308594,33.12628602413904,7.346736185969651
Calperum,EBF,34.05767211914065,49.883167551114006,4.958740116363913
Calperum,EBF,32.84783325195315,44.94343353271484,6.18702434214944
Calperum,EBF,33.90517578125002,55.30041728275163,4.3487421371772506
Calperum,EBF,26.968103027343773,58.5405034772281,3.1360960043862507
Calperum,EBF,42.99782714843752,102.58775840759277,1.933516929464272
Calperum,EBF,30.606225585937523,72.69242128304073,3.025639219534508
Calperum,EBF,35.69747314453127,94.51544929433751,2.1192938786247817
Calperum,EBF,34.5445495605469,88.22766488173912,2.072927491759102
Calperum,EBF,35.07082519531252,108.5294069007591,1.7131261804752294
Calperum,EBF,43.50090942382815,98.28293426831563,2.010304961824195
Calperum,EBF,36.22182617187502,88.83745885640383,2.233665197106103
Calperum,EBF,32.79387817382815,80.79417100974491,2.4229692978490265
Calperum,EBF,34.25615844726565,90.38699014098556,2.162835690106908
Calperum,EBF,32.46126708984377,80.43208827643559,2.6810030024812814
Calperum,EBF,44.3829284667969,32.42866391485388,7.742869046899573
Calperum,EBF,44.29473266601565,28.832105526557335,7.66274410862078
Calperum,EBF,41.79317626953127,30.417423060853725,8.26127084348046
Calperum,EBF,37.0599304199219,34.5516102038897,7.620509121900339
Calperum,EBF,34.09145507812502,39.866274844516404,6.966789766083721
Calperum,EBF,45.02950439453127,92.0140002084815,1.3502228691465294
Calperum,EBF,44.6907897949219,47.41637493315197,3.7552174212294744
Calperum,EBF,43.09182128906252,36.83425477785723,6.554765028339094
Calperum,EBF,37.88350830078127,35.940677200411926,7.4482225781464715
Calperum,EBF,36.55495605468752,33.64404817863747,8.412010869186956
Calperum,EBF,45.02950439453127,92.0140002084815,1.3502228691465294
Calperum,EBF,44.6907897949219,47.41637493315197,3.7552174212294744
Calperum,EBF,43.09182128906252,36.83425477785723,6.554765028339094
Calperum,EBF,37.88350830078127,35.940677200411926,7.4482225781464715
Calperum,EBF,36.55495605468752,33.64404817863747,8.412010869186956
Calperum,EBF,46.26235351562502,35.29048588540819,6.848473409401207
Calperum,EBF,41.6794372558594,19.833577758699125,13.0066210201319
Calperum,EBF,35.39125976562502,31.033791058829852,9.53631789172794
Calperum,EBF,35.74605712890627,36.751571741971105,8.576376168614788
Calperum,EBF,35.54787597656252,40.09703889760104,6.530798312467165
CapeTribulation,TRF,,,
CapeTribulation,TRF,,,
CapeTribulation,TRF,,,
CapeTribulation,TRF,,,
CapeTribulation,TRF,,,
CowBay,TRF,36.62838134765627,189.17912013190133,0.2263038617285486
CowBay,TRF,34.1697937011719,166.47047802380152,0.18021723892001654
CowBay,TRF,28.215386962890648,156.38444571659483,0.13852944168889633
CowBay,TRF,28.100152587890648,182.16874997432416,0.05648499910975413
CowBay,TRF,28.445886230468773,165.7027877281452,0.12809371410747641
CumberlandPlains,EBF,37.18767700195315,74.97171239419417,1.9260712120547212
CumberlandPlains,EBF,32.52547607421877,87.09052826010662,1.7135879570530037
CumberlandPlains,EBF,27.067712402343773,62.292533231818155,2.62981656431081
CumberlandPlains,EBF,27.249627685546898,93.6331889629364,1.4427393183246848
CumberlandPlains,EBF,33.19155273437502,100.5627752840519,1.0169133324358013
CumberlandPlains,EBF,37.98882446289065,66.3445122708445,2.00238900973941
CumberlandPlains,EBF,34.20577392578127,54.011122444401614,3.089974167521161
CumberlandPlains,EBF,27.270898437500023,55.738392523106405,3.7226875504126085
CumberlandPlains,EBF,20.501123046875023,50.72085094026157,2.8823182584346627
CumberlandPlains,EBF,20.103814697265648,46.01768511992235,4.5141555584486905
CumberlandPlains,EBF,39.82631835937502,97.19458540586325,0.9741721776286528
CumberlandPlains,EBF,29.563500976562523,88.48593152999878,2.8240336236970123
CumberlandPlains,EBF,39.73098144531252,105.6014771938324,1.5365573068420053
CumberlandPlains,EBF,33.3613220214844,99.80272772198632,2.0944418976676404
CumberlandPlains,EBF,29.045465087890648,102.39316592393098,1.8497556626761569
CumberlandPlains,EBF,40.64382324218752,71.44973723266436,2.4713953074672084
CumberlandPlains,EBF,28.296777343750023,56.144119229316715,3.3655884761857036
CumberlandPlains,EBF,25.664849853515648,64.44320573657751,2.7993930312706894
CumberlandPlains,EBF,21.533166503906273,52.338303938508034,1.4027895602026084
CumberlandPlains,EBF,24.551416015625023,57.406902701766406,2.425128579931738
CumberlandPlains,EBF,43.4902282714844,84.80015993118286,0.43170005498658687
CumberlandPlains,EBF,35.49920043945315,102.7949064920346,1.84200537099888
CumberlandPlains,EBF,34.2187438964844,109.55060588121414,1.5653312297718591
CumberlandPlains,EBF,27.456262207031273,125.45524848025778,1.2687226224412222
CumberlandPlains,EBF,23.143365478515648,166.86593280119055,0.8232042265975509
CumberlandPlains,EBF,44.14486083984377,96.24010915226407,1.4502860403193065
CumberlandPlains,EBF,32.81386718750002,63.14521024101659,3.68914823745605
CumberlandPlains,EBF,39.19167480468752,89.7924135684967,2.2619649202929066
CumberlandPlains,EBF,37.51015625000002,74.87602269022088,2.3384065063891066
CumberlandPlains,EBF,27.022210693359398,64.64561375449685,3.903778870517338
DalyUncleared,SAV,37.14751586914065,69.47230366101631,1.9432278521093929
DalyUncleared,SAV,35.91094360351565,75.94612807035446,1.8788043397122882
DalyUncleared,SAV,36.31295166015627,70.02828833818435,2.131660983507257
DalyUncleared,SAV,34.9565368652344,59.64764370237078,2.339801476723717
DalyUncleared,SAV,33.55608520507815,57.371638774871826,2.7061805917516897
DalyUncleared,SAV,37.23983154296877,98.05511587142945,1.7927993407054699
DalyUncleared,SAV,37.20406494140627,103.01840992407365,1.8022558015644894
DalyUncleared,SAV,36.9481140136719,90.36057798679059,1.8516403319218244
DalyUncleared,SAV,37.0731140136719,57.589448403695535,2.4627902472452443
DalyUncleared,SAV,35.29903564453127,96.16166870544355,1.4547228985638407
DalyUncleared,SAV,37.27755126953127,101.56342447757721,1.3606611232043182
DalyUncleared,SAV,35.87215576171877,137.4946137571335,0.8179673703498249
DalyUncleared,SAV,36.85476074218752,153.45769019748855,0.6495355220472567
DalyUncleared,SAV,36.09591064453127,119.76126169204711,0.92946530772822
DalyUncleared,SAV,34.79573974609377,157.64468654564448,0.5909403634831151
DalyUncleared,SAV,37.30144653320315,183.79378198300088,0.3961488177304223
DalyUncleared,SAV,34.9924255371094,186.52179987089974,0.22890836795064295
DalyUncleared,SAV,35.35292968750002,237.93084133082422,0.32250254640975984
DalyUncleared,SAV,34.05214843750002,209.68851966410875,0.20473846862716522
DalyUncleared,SAV,32.27919921875002,143.60222660056476,0.1881203663369033
DalyUncleared,SAV,37.35665283203127,88.80112211051441,2.1641895262336766
DalyUncleared,SAV,37.09832153320315,67.95749750181481,2.223633532219222
DalyUncleared,SAV,34.6154724121094,63.46550804376602,1.5039136880048563
DalyUncleared,SAV,36.4328552246094,71.92966009561832,1.237796965730678
DalyUncleared,SAV,37.3214050292969,89.52967260902126,1.6929073380260578
DalyUncleared,SAV,37.39470825195315,61.362455352431255,2.9022322690064835
DalyUncleared,SAV,36.74517211914065,68.39748271004014,3.1292086662911585
DalyUncleared,SAV,36.52480468750002,94.89996553421021,2.1299807961296704
DalyUncleared,SAV,35.22274169921877,82.3150231319925,2.197091877389868
DalyUncleared,SAV,34.7939392089844,88.35644558884881,1.99634162878656
DalyUncleared,SAV,37.4539733886719,176.15301179885864,0.7101609501642734
DalyUncleared,SAV,36.27788696289065,165.48085339711264,0.5632108668997873
DalyUncleared,SAV,34.78725585937502,125.59995042000499,0.605531006402365
DalyUncleared,SAV,33.89360961914065,157.87740168078193,0.6252731808474463
DalyUncleared,SAV,30.913720703125023,114.11945024029961,0.7430441367200701
DalyUncleared,SAV,37.45989379882815,94.38432566477702,1.523309249428498
DalyUncleared,SAV,35.95784912109377,112.32055865973234,1.111264510600274
DalyUncleared,SAV,35.4793640136719,109.21249555624448,1.2420016537932985
DalyUncleared,SAV,34.5273376464844,96.68776541286044,1.4649927001617777
DalyUncleared,SAV,33.9536071777344,122.62460952791675,1.069361761332881
DalyUncleared,SAV,37.46929321289065,208.79613295845363,0.30221978713977904
DalyUncleared,SAV,36.4851013183594,166.16545174213556,0.37909917887822187
DalyUncleared,SAV,37.1452575683594,235.65095062255858,0.34834160185797625
DalyUncleared,SAV,35.2337585449219,205.1205131390999,0.3196321259605325
DalyUncleared,SAV,35.37313232421877,284.14382187525433,0.39061830788176144
DalyUncleared,SAV,37.58327636718752,126.55233050364515,1.1281842119674972
DalyUncleared,SAV,36.9973083496094,86.7253584211523,1.2855059703622993
DalyUncleared,SAV,35.9307800292969,89.18520139003623,1.2696642070301627
DalyUncleared,SAV,34.7518249511719,91.79886319719512,1.1600953957429134
DalyUncleared,SAV,33.6805358886719,87.00508286271777,1.287117364359922
DalyUncleared,SAV,37.58327636718752,126.55233050364515,1.1281842119674972
DalyUncleared,SAV,36.9973083496094,86.7253584211523,1.2855059703622993
DalyUncleared,SAV,35.9307800292969,89.18520139003623,1.2696642070301627
DalyUncleared,SAV,34.7518249511719,91.79886319719512,1.1600953957429134
DalyUncleared,SAV,33.6805358886719,87.00508286271777,1.287117364359922
DalyUncleared,SAV,37.62844238281252,101.57198869633048,1.9325798952675302
DalyUncleared,SAV,37.29219970703127,110.9404977417805,1.4991168160892807
DalyUncleared,SAV,35.89251098632815,82.1129564678669,1.7703984040822864
DalyUncleared,SAV,35.83098754882815,76.83823472055896,1.8700123500892238
DalyUncleared,SAV,36.51302490234377,84.46349976539612,2.253528402723618
DalyUncleared,SAV,37.63979492187502,93.09106703599294,2.140650778167805
DalyUncleared,SAV,36.23775634765627,83.07002779960632,1.7441273180524743
DalyUncleared,SAV,32.7697692871094,106.9282851600647,1.709211921897695
DalyUncleared,SAV,35.42543945312502,81.6733916423939,1.6716180201821775
DalyUncleared,SAV,36.07817993164065,130.02045803410667,0.929143671285784
DalyUncleared,SAV,37.64907226562502,76.30853434250905,2.03962784990883
DalyUncleared,SAV,36.10134277343752,70.4526339712597,2.8756556983310104
DalyUncleared,SAV,35.20589599609377,61.75149082899094,2.4953063485472042
DalyUncleared,SAV,35.82705078125002,66.28899009849714,2.413640235747079
DalyUncleared,SAV,37.49105224609377,56.25765694271434,2.7153969920242123
DalyUncleared,SAV,37.73250732421877,83.56478199005127,1.7851110648091977
DalyUncleared,SAV,36.66134033203127,71.31314993248536,2.065148417487091
DalyUncleared,SAV,36.87615356445315,83.00726052216234,1.8933134350675482
DalyUncleared,SAV,36.68569335937502,72.430176190708,2.1360480355221623
DalyUncleared,SAV,36.98055419921877,70.90610581907359,2.153393076146931
DalyUncleared,SAV,37.7851501464844,110.27822256088257,1.5493819868387901
DalyUncleared,SAV,37.4179626464844,119.86211192297439,0.896769656236227
DalyUncleared,SAV,37.71108398437502,102.00525725971569,1.7185855419166787
DalyUncleared,SAV,37.31722412109377,88.78626159062752,1.6763866063288126
DalyUncleared,SAV,36.40935668945315,141.65450984954833,1.3051241341295632
DalyUncleared,SAV,37.7851501464844,110.27822256088257,1.5493819868387901
DalyUncleared,SAV,37.4179626464844,119.86211192297439,0.896769656236227
DalyUncleared,SAV,37.71108398437502,102.00525725971569,1.7185855419166787
DalyUncleared,SAV,37.31722412109377,88.78626159062752,1.6763866063288126
DalyUncleared,SAV,36.40935668945315,141.65450984954833,1.3051241341295632
DalyUncleared,SAV,37.87603149414065,95.84064690963082,1.7412234931309216
DalyUncleared,SAV,37.17705688476565,69.03727739055951,2.236047031694451
DalyUncleared,SAV,37.03792724609377,97.77183748533328,1.9138759144003528
DalyUncleared,SAV,37.05315551757815,54.12866073966026,2.859243069676499
DalyUncleared,SAV,36.8002868652344,105.46825195550919,1.995310858136477
DalyUncleared,SAV,37.92427978515627,92.06740289655599,1.593889309240621
DalyUncleared,SAV,35.84539184570315,80.71186581779929,2.5160031771181126
DalyUncleared,SAV,36.05794677734377,75.59457560146556,2.3727126619823102
DalyUncleared,SAV,36.9931579589844,61.971915356318156,2.7160266443239065
DalyUncleared,SAV,35.25960693359377,88.32353769649158,2.1747483384129658
DalyUncleared,SAV,37.92427978515627,92.06740289655599,1.593889309240621
DalyUncleared,SAV,35.84539184570315,80.71186581779929,2.5160031771181126
DalyUncleared,SAV,36.05794677734377,75.59457560146556,2.3727126619823102
DalyUncleared,SAV,36.9931579589844,61.971915356318156,2.7160266443239065
DalyUncleared,SAV,35.25960693359377,88.32353769649158,2.1747483384129658
DalyUncleared,SAV,38.05706176757815,65.12441879969377,2.5549090591422607
DalyUncleared,SAV,37.36980590820315,80.84527703285217,2.202187573318107
DalyUncleared,SAV,36.84346923828127,70.52906656723756,2.088166536863601
DalyUncleared,SAV,36.46547851562502,78.47493411715215,1.9138214170697072
DalyUncleared,SAV,34.81215820312502,91.4391655723254,1.2912111550717906
DalyUncleared,SAV,38.0689636230469,77.94489431381226,2.5678543828496814
DalyUncleared,SAV,37.97811279296877,63.1001856803894,2.962639115754688
DalyUncleared,SAV,37.9869323730469,48.799141540527344,3.8909877543867024
DalyUncleared,SAV,35.63982543945315,69.37132349752244,2.460433138520831
DalyUncleared,SAV,35.29342041015627,74.76266909887393,1.7460818572349883
DalyUncleared,SAV,38.0725036621094,124.41101799850111,1.2797072731945918
DalyUncleared,SAV,35.5070739746094,136.18978786945343,1.0592202385221952
DalyUncleared,SAV,36.85366210937502,141.25555391664858,1.0415343915719326
DalyUncleared,SAV,33.92531738281252,99.02280602852504,0.8403082739410039
DalyUncleared,SAV,36.79104003906252,166.851287047863,0.8253589357051132
DalyUncleared,SAV,38.16326293945315,80.0781190291695,1.960956691140628
DalyUncleared,SAV,37.73250732421877,101.06581016208814,1.4363518463466285
DalyUncleared,SAV,37.12624511718752,71.46249077957252,2.5391428317257563
DalyUncleared,SAV,33.3349548339844,103.63318838391986,0.9655831525222276
DalyUncleared,SAV,37.5866638183594,94.01272430419922,2.3442733406247487
DalyUncleared,SAV,38.1911560058594,95.61642577471557,1.441950437454065
DalyUncleared,SAV,37.95708618164065,94.4612794971466,1.4132640354648658
DalyUncleared,SAV,37.56109008789065,122.42607049147288,1.173114473952548
DalyUncleared,SAV,37.87200317382815,99.02872539284053,1.2927799531357491
DalyUncleared,SAV,37.34298095703127,129.1049229800701,1.1426601067093645
DalyUncleared,SAV,38.37685546875002,74.96147222243823,2.6748027463198607
DalyUncleared,SAV,37.1448913574219,74.51919746398926,3.5552739243974862
DalyUncleared,SAV,36.26986083984377,96.91320105766256,1.740408482294345
DalyUncleared,SAV,36.0985046386719,81.49517284740101,2.5478422786825328
DalyUncleared,SAV,36.11123046875002,142.2575379371643,2.0846847134847
DalyUncleared,SAV,38.49300537109377,107.31577946010388,1.1644917347975376
DalyUncleared,SAV,37.7062927246094,104.43723660707474,1.4336632713640878
DalyUncleared,SAV,36.70510253906252,104.73799816421841,1.3699326136508545
DalyUncleared,SAV,37.3039489746094,91.8733262795469,1.1850032908674006
DalyUncleared,SAV,36.36589965820315,80.74850247859955,1.2466141630425318
DalyUncleared,SAV,38.55239257812502,93.12091267108917,1.775852600018414
DalyUncleared,SAV,38.01970825195315,107.80732911354617,1.5110821008710202
DalyUncleared,SAV,37.38710937500002,73.04647456682645,2.193225500532364
DalyUncleared,SAV,37.16304931640627,50.55128234353933,2.6072115400679747
DalyUncleared,SAV,37.1334167480469,73.83983266582855,2.2018167618690954
DalyUncleared,SAV,38.58132324218752,83.07071919603781,2.185468064423708
DalyUncleared,SAV,38.00945434570315,83.27508782719572,2.3626915487960005
DalyUncleared,SAV,37.87151489257815,85.43494006439492,1.8183304825064612
DalyUncleared,SAV,37.43282470703127,78.29580611238877,2.143002594032884
DalyUncleared,SAV,37.17330322265627,60.201049483418466,1.8654845319802151
DalyUncleared,SAV,38.62435302734377,99.87460741671649,1.6636825398036863
DalyUncleared,SAV,36.38906250000002,89.18567227400266,1.360366692635624
DalyUncleared,SAV,35.33168945312502,78.40368382976605,1.3089843601362825
DalyUncleared,SAV,36.06707153320315,89.57878577378061,1.455054142084143
DalyUncleared,SAV,35.58126220703127,87.53801878140523,1.0518592398013302
DalyUncleared,SAV,38.6308532714844,77.37718927383423,2.6228309814902047
DalyUncleared,SAV,35.8642517089844,107.05843423421567,1.6817960944620856
DalyUncleared,SAV,37.8068786621094,78.00616529854861,2.6822940613737463
DalyUncleared,SAV,36.97756347656252,66.53931173099124,2.7082183551608603
DalyUncleared,SAV,37.07705078125002,74.93795902475163,1.8220335019232856
DalyUncleared,SAV,38.69439086914065,66.10045508861542,2.530446595446416
DalyUncleared,SAV,37.03316650390627,78.82096279263496,2.7328050368760324
DalyUncleared,SAV,36.8149353027344,96.83120342818174,1.6436681051134816
DalyUncleared,SAV,36.67678222656252,96.33862071990967,1.5871920806050706
DalyUncleared,SAV,38.16533813476565,95.23730768669735,1.99099523482484
DalyUncleared,SAV,38.72957763671877,93.02593810359637,1.7492842297866742
DalyUncleared,SAV,38.70379028320315,107.6826540851593,1.3061000675578616
DalyUncleared,SAV,37.5827575683594,121.74448149544853,1.1743123629356254
DalyUncleared,SAV,35.51226196289065,147.67183047533035,0.6862594240563327
DalyUncleared,SAV,37.60952148437502,87.98845100844348,1.9553430391558475
DalyUncleared,SAV,38.81234130859377,91.37433274496685,1.6468878718779805
DalyUncleared,SAV,38.26619873046877,84.36295464745274,1.7961233119137707
DalyUncleared,SAV,38.6248718261719,88.6447846522698,1.3696095283560095
DalyUncleared,SAV,38.7796569824219,76.60576250863129,1.7782740369192205
DalyUncleared,SAV,37.6243835449219,89.23600511304264,1.3840529913634105
DalyUncleared,SAV,39.17888793945315,191.2174652925004,0.8584443167211164
DalyUncleared,SAV,37.43197021484377,180.06693496969012,0.6358086174197218
DalyUncleared,SAV,35.37471923828127,155.59081818376268,0.7090436338560757
DalyUncleared,SAV,35.8850036621094,203.0532782101631,0.7677857843314797
DalyUncleared,SAV,34.71108398437502,206.72583105701668,0.5449948619635971
DalyUncleared,SAV,39.21950683593752,79.3347086854603,2.3239984010496078
DalyUncleared,SAV,39.11220703125002,102.11185227121625,1.4732068755514183
DalyUncleared,SAV,35.95430908203127,118.64227754794635,1.303035800225174
DalyUncleared,SAV,36.8465515136719,59.09353042107362,2.0956644819652244
DalyUncleared,SAV,36.06075439453127,104.38256940474876,1.4239977545948186
DalyUncleared,SAV,39.36525878906252,66.47939267648118,2.520848879837002
DalyUncleared,SAV,38.06661376953127,109.39835876557562,1.951102179289771
DalyUncleared,SAV,36.6795593261719,69.11805112163226,2.5416982302235933
DalyUncleared,SAV,37.8207946777344,97.18084519805716,2.070019633681943
DalyUncleared,SAV,39.3156677246094,81.1426259524682,1.8397402749482754
DalyUncleared,SAV,39.38201293945315,87.1082064807415,1.606300123327578
DalyUncleared,SAV,36.6340270996094,117.05813943084918,1.3573169742751703
DalyUncleared,SAV,37.50087890625002,86.739110195866,1.9554872550721125
DalyUncleared,SAV,36.8848815917969,94.94371274308018,1.51900926599177
DalyUncleared,SAV,37.59893188476565,85.96546048703401,2.0528642282007983
DalyUncleared,SAV,39.75417480468752,103.752143997861,1.4493109451170674
DalyUncleared,SAV,39.34694824218752,79.69943665027618,2.242622922576652
DalyUncleared,SAV,39.41851196289065,102.80534173433597,1.5858492266020057
DalyUncleared,SAV,38.90154418945315,79.1756531047821,1.8961480460295952
DalyUncleared,SAV,37.04885253906252,91.26911618791777,1.3558428404733163
DalyUncleared,SAV,39.8102966308594,256.55642379585066,0.7686081475575033
DalyUncleared,SAV,39.20760498046877,179.80102931416553,0.8927106393538894
DalyUncleared,SAV,37.89254150390627,206.48214116421613,0.5284119086886905
DalyUncleared,SAV,35.98577270507815,211.32151441390698,0.5216167060011767
DalyUncleared,SAV,36.7215515136719,146.11193243980406,1.1740238271402101
DalyUncleared,SAV,39.96749267578127,100.09983588258426,1.8231457433601286
DalyUncleared,SAV,37.52565917968752,97.486242779979,1.7884018466929774
DalyUncleared,SAV,34.86232910156252,117.34054401233082,1.0293767387302915
DalyUncleared,SAV,36.28371582031252,98.02562828815502,1.4469091529091564
DalyUncleared,SAV,37.62954101562502,91.55996130861342,1.3811240688729605
DryRiver,SAV,37.0197692871094,149.9981164233438,0.41375880025765477
DryRiver,SAV,36.89922485351565,162.013113686332,0.46387417935033953
DryRiver,SAV,35.93584594726565,171.92845271900296,0.4465885065957557
DryRiver,SAV,35.6893249511719,167.53082359313964,0.38957407232914903
DryRiver,SAV,33.4422546386719,143.19475574676807,0.4100011197496073
DryRiver,SAV,37.0197692871094,149.9981164233438,0.41375880025765477
DryRiver,SAV,36.89922485351565,162.013113686332,0.46387417935033953
DryRiver,SAV,35.93584594726565,171.92845271900296,0.4465885065957557
DryRiver,SAV,35.6893249511719,167.53082359313964,0.38957407232914903
DryRiver,SAV,33.4422546386719,143.19475574676807,0.4100011197496073
DryRiver,SAV,37.05742797851565,45.85174649581313,3.8564223329499345
DryRiver,SAV,36.90288696289065,49.43740640891095,3.16653662606734
DryRiver,SAV,35.28725585937502,45.78448025523685,2.617950500949918
DryRiver,SAV,36.03899536132815,78.05961640675862,2.487830379797659
DryRiver,SAV,34.27712402343752,84.96745281219482,3.125803901006972
DryRiver,SAV,37.22249755859377,127.0298793028141,0.9103308266070077
DryRiver,SAV,36.53338012695315,150.6220578295844,0.7437135081250403
DryRiver,SAV,36.12661132812502,135.62822296001292,0.9542017429228917
DryRiver,SAV,35.93901977539065,126.62529474291308,0.8829752718576385
DryRiver,SAV,35.91192016601565,165.57688095936408,0.7219378023396982
DryRiver,SAV,37.30410156250002,46.799289876047304,3.0195890446102096
DryRiver,SAV,35.28261718750002,61.33253991444196,2.681839608562522
DryRiver,SAV,24.043481445312523,34.97072434425354,1.4350968461502323
DryRiver,SAV,28.899041748046898,2.538191556930542,-3.7832159036673767
DryRiver,SAV,32.95241699218752,26.61288689242469,2.8251630696786156
DryRiver,SAV,37.30410156250002,46.799289876047304,3.0195890446102096
DryRiver,SAV,35.28261718750002,61.33253991444196,2.681839608562522
DryRiver,SAV,24.043481445312523,34.97072434425354,1.4350968461502323
DryRiver,SAV,28.899041748046898,2.538191556930542,-3.7832159036673767
DryRiver,SAV,32.95241699218752,26.61288689242469,2.8251630696786156
DryRiver,SAV,37.45070800781252,32.04054934328253,5.64256865700287
DryRiver,SAV,36.0333190917969,36.13457018136978,5.647574006925197
DryRiver,SAV,36.7252136230469,25.014510312482066,8.010037162108409
DryRiver,SAV,36.4692321777344,42.11482639255978,4.585038489861987
DryRiver,SAV,36.76290283203127,29.62882147418956,6.248420345409966
DryRiver,SAV,37.45070800781252,32.04054934328253,5.64256865700287
DryRiver,SAV,36.0333190917969,36.13457018136978,5.647574006925197
DryRiver,SAV,36.7252136230469,25.014510312482066,8.010037162108409
DryRiver,SAV,36.4692321777344,42.11482639255978,4.585038489861987
DryRiver,SAV,36.76290283203127,29.62882147418956,6.248420345409966
DryRiver,SAV,37.48479614257815,59.75742649369769,2.862384721178934
DryRiver,SAV,34.97481689453127,90.5986774789876,1.879685868616211
DryRiver,SAV,31.773065185546898,89.04986452234202,0.8018089459454997
DryRiver,SAV,36.63942871093752,47.76078219640823,4.3220959421783425
DryRiver,SAV,37.00057373046877,50.839118603754926,3.1215489137730748
DryRiver,SAV,37.53255615234377,30.657979709406693,6.312769956576134
DryRiver,SAV,36.68303833007815,46.78600431030447,4.269054512943728
DryRiver,SAV,36.01949462890627,32.382741368335225,5.975999810505383
DryRiver,SAV,36.22811279296877,38.005264568328855,5.106940763213882
DryRiver,SAV,36.72490844726565,27.882811408776504,6.875360370017582
DryRiver,SAV,37.56972656250002,127.7583111190796,1.0205726001730626
DryRiver,SAV,35.1852966308594,117.80875427382333,0.7006048175634871
DryRiver,SAV,33.96245727539065,97.38386871701195,0.3978442158221724
DryRiver,SAV,32.66878662109377,141.57608157710024,0.2948306592801217
DryRiver,SAV,36.4963317871094,50.52166641751925,2.1480089652307583
DryRiver,SAV,37.61654052734377,51.82781359780094,3.312143313296926
DryRiver,SAV,36.3142028808594,55.27011345114027,3.2179737362556198
DryRiver,SAV,35.40874633789065,67.5434571971064,2.5917697384806524
DryRiver,SAV,33.65499267578127,53.02647158077785,2.6612759482923782
DryRiver,SAV,35.23092041015627,44.67370096536783,3.6050188812673936
DryRiver,SAV,38.10769042968752,155.91347712736862,0.3019152794945303
DryRiver,SAV,37.6594177246094,196.45002192258835,0.22910117021726864
DryRiver,SAV,37.19112548828127,201.51557738184928,0.2818723454202372
DryRiver,SAV,35.7182556152344,178.67077819506326,0.19013205748682435
DryRiver,SAV,34.5440612792969,211.4930832038323,0.2623559803189833
DryRiver,SAV,38.10769042968752,155.91347712736862,0.3019152794945303
DryRiver,SAV,37.6594177246094,196.45002192258835,0.22910117021726864
DryRiver,SAV,37.19112548828127,201.51557738184928,0.2818723454202372
DryRiver,SAV,35.7182556152344,178.67077819506326,0.19013205748682435
DryRiver,SAV,34.5440612792969,211.4930832038323,0.2623559803189833
DryRiver,SAV,38.25057373046877,195.79974447250368,0.36207563885408556
DryRiver,SAV,37.6047302246094,216.3857109088164,0.27222951428292524
DryRiver,SAV,36.77642211914065,175.5561474804525,0.22036780193756353
DryRiver,SAV,37.19597778320315,204.7003855419159,0.201956802748904
DryRiver,SAV,35.02520141601565,260.9396716629465,0.15853917815341032
DryRiver,SAV,38.25591430664065,32.54540600876013,6.078123485376088
DryRiver,SAV,37.4949890136719,37.708723265191786,4.634628657739434
DryRiver,SAV,37.02785644531252,26.061078477989543,8.593333350495001
DryRiver,SAV,36.77297363281252,46.240919038653374,4.3522819920356035
DryRiver,SAV,36.68084106445315,40.74885624229908,4.77304240818387
DryRiver,SAV,38.27376708984377,148.5004578113556,1.1036640415517687
DryRiver,SAV,37.78911743164065,141.0121216972669,1.2446253453098148
DryRiver,SAV,37.3629089355469,142.57179797612704,0.9711384086489819
DryRiver,SAV,37.20754394531252,117.182277739048,1.102530564263314
DryRiver,SAV,38.10878906250002,154.89376163482666,0.9092008043231807
DryRiver,SAV,38.35720214843752,42.95782969176769,4.132745173163371
DryRiver,SAV,37.58660278320315,37.52828017870585,5.853207287477951
DryRiver,SAV,36.5607849121094,33.55369202448772,6.0586079654996805
DryRiver,SAV,35.81289062500002,32.02981115471233,5.984008070027573
DryRiver,SAV,35.3614440917969,44.114394861071005,4.5558037233952
DryRiver,SAV,38.60848388671877,112.80725336074829,1.1148957724812523
DryRiver,SAV,35.22988281250002,89.7856075697475,1.5407639347724056
DryRiver,SAV,34.40401611328127,45.975821782524385,2.2446024528845427
DryRiver,SAV,35.6227966308594,47.020512624220416,3.632088717225532
DryRiver,SAV,36.21602783203127,32.043840327046134,4.391348986598136
DryRiver,SAV,38.62618408203127,50.38159176155373,2.7223432836465986
DryRiver,SAV,37.64907226562502,44.56215074534217,3.2912214288054313
DryRiver,SAV,37.62590942382815,45.4810180409501,3.733021548141864
DryRiver,SAV,37.03286132812502,41.308892007917166,3.5751268821172
DryRiver,SAV,36.3575378417969,35.79820244759321,3.7978127709525764
DryRiver,SAV,38.85308227539065,213.24005317687988,0.1360235108383947
DryRiver,SAV,37.5994812011719,266.6664997614347,0.1607781655671614
DryRiver,SAV,36.61269531250002,218.8252700190795,0.17546995287136516
DryRiver,SAV,35.95052490234377,205.58101527779192,0.47377699015254515
DryRiver,SAV,36.33840332031252,183.69515585899353,0.44440627476477496
DryRiver,SAV,38.85308227539065,213.24005317687988,0.1360235108383947
DryRiver,SAV,37.5994812011719,266.6664997614347,0.1607781655671614
DryRiver,SAV,36.61269531250002,218.8252700190795,0.17546995287136516
DryRiver,SAV,35.95052490234377,205.58101527779192,0.47377699015254515
DryRiver,SAV,36.33840332031252,183.69515585899353,0.44440627476477496
DryRiver,SAV,38.92205200195315,43.03989261672611,4.950559759718336
DryRiver,SAV,38.76973876953127,33.01247886471126,4.845374828558217
DryRiver,SAV,38.41533813476565,48.450285280942914,4.19152137145241
DryRiver,SAV,38.6439147949219,51.53649459004402,3.4768601439600815
DryRiver,SAV,38.00411376953127,52.414212217330935,4.194989574888256
DryRiver,SAV,39.28130493164065,43.601037342911184,2.845362211360004
DryRiver,SAV,37.85994873046877,36.979575027590215,4.425801539630462
DryRiver,SAV,37.7910095214844,34.06359808198337,5.760670909016324
DryRiver,SAV,37.35625610351565,39.82895597373998,4.098459096817665
DryRiver,SAV,37.6614929199219,43.18990804255009,3.8193552728793776
DryRiver,SAV,39.34966430664065,49.423457355499266,4.44065892265486
DryRiver,SAV,38.45687255859377,47.19107941480783,3.6515057682683314
DryRiver,SAV,37.68795166015627,47.04246332744757,4.286560551780179
DryRiver,SAV,37.56624755859377,43.593912157471536,4.01828740069174
DryRiver,SAV,39.18349609375002,41.38887013838841,3.9210182451992295
DryRiver,SAV,39.46163330078127,69.95930711499282,2.729957222894868
DryRiver,SAV,39.18743286132815,72.53969785468331,2.396209397634507
DryRiver,SAV,37.3547302246094,87.77931877544948,1.384076268928577
DryRiver,SAV,36.27935180664065,52.7568001313643,3.3032570845183207
DryRiver,SAV,37.77373657226565,54.31809852299867,2.8184215682897324
DryRiver,SAV,39.67574462890627,47.68432033580282,4.115592780864304
DryRiver,SAV,39.58980712890627,67.00499388906691,3.05672564849641
DryRiver,SAV,39.34856567382815,52.6931453026258,3.260023598020875
DryRiver,SAV,38.31008300781252,56.74945118904114,2.9238442086480556
DryRiver,SAV,37.4350524902344,50.19613402366638,4.0577063641857425
DryRiver,SAV,39.7177673339844,59.574148640568765,3.250270959560154
DryRiver,SAV,38.0394226074219,61.34742445498705,3.2223024947399477
DryRiver,SAV,37.33486328125002,57.75307533453251,2.1802582480552224
DryRiver,SAV,36.43587646484377,51.19457925282992,2.0728543376437507
DryRiver,SAV,38.09145507812502,61.52438679779017,2.9077643517098632
DryRiver,SAV,39.72841796875002,99.78015340458263,1.5766203622184214
DryRiver,SAV,38.21587524414065,103.27893931525094,1.2399337529748766
DryRiver,SAV,36.42330322265627,98.6723997592926,1.3064712597523906
DryRiver,SAV,35.60469970703127,109.477921075843,1.33949784519516
DryRiver,SAV,33.90706787109377,99.92566521414395,1.3629596962155435
DryRiver,SAV,39.76479492187502,41.79792965146211,3.5951782977440634
DryRiver,SAV,39.23092041015627,21.09130670401183,6.338395894155185
DryRiver,SAV,38.45260009765627,36.59966247496398,4.168889939735343
DryRiver,SAV,37.27645263671877,42.79736365970563,4.4878135818016
DryRiver,SAV,36.98357543945315,33.52068692095139,5.105480673219504
DryRiver,SAV,39.76674804687502,49.172376004358135,3.3569191624353043
DryRiver,SAV,38.49160156250002,40.92334758667719,5.259085615810334
DryRiver,SAV,39.5776306152344,40.671157121658325,5.881936734214893
DryRiver,SAV,39.06936035156252,35.451321297883986,4.769928263241278
DryRiver,SAV,39.08785400390627,37.587324392795566,3.7960904797276687
DryRiver,SAV,40.0588317871094,72.509281066331,2.4685224743605465
DryRiver,SAV,39.32186279296877,54.76633346599081,3.6082679932465886
DryRiver,SAV,37.94902954101565,65.78211898605029,3.206738256116347
DryRiver,SAV,37.40419921875002,49.942400140606836,3.1860589001857096
DryRiver,SAV,37.06560668945315,64.0538409948349,3.220597959031046
DryRiver,SAV,40.11702880859377,214.09646848269873,0.3966624451490076
DryRiver,SAV,39.4257751464844,241.77037418550916,0.2393655340719758
DryRiver,SAV,38.50090942382815,267.51777854332556,0.18546654761308745
DryRiver,SAV,37.22939453125002,233.0432380217093,0.14887109040998808
DryRiver,SAV,35.84761962890627,187.05901293919004,0.2508609747240085
DryRiver,SAV,40.20314941406252,36.82750568191211,2.1292530237762337
DryRiver,SAV,36.73696289062502,52.550827994942665,3.031828276069544
DryRiver,SAV,36.58648071289065,61.68025371006557,2.203101411469585
DryRiver,SAV,37.18718872070315,48.65123577301319,2.987816752903376
DryRiver,SAV,37.5716491699219,58.4310359954834,2.4209618729302673
DryRiver,SAV,40.20314941406252,36.82750568191211,2.1292530237762337
DryRiver,SAV,36.73696289062502,52.550827994942665,3.031828276069544
DryRiver,SAV,36.58648071289065,61.68025371006557,2.203101411469585
DryRiver,SAV,37.18718872070315,48.65123577301319,2.987816752903376
DryRiver,SAV,37.5716491699219,58.4310359954834,2.4209618729302673
DryRiver,SAV,41.2569519042969,45.535997559812486,4.055590848129201
DryRiver,SAV,40.72072753906252,63.02119321572153,3.397584812696957
DryRiver,SAV,40.96712646484377,61.04960352420807,1.9936818125723754
DryRiver,SAV,38.98821411132815,100.87576145961367,1.1520947511278066
DryRiver,SAV,40.04244384765627,37.258464789908864,5.351339385878555
DryRiver,SAV,41.71267089843752,52.97168669104576,3.688511341838154
DryRiver,SAV,40.85845336914065,47.662947454452514,2.8209894153781296
DryRiver,SAV,41.39583740234377,69.32557639350061,2.505711664532893
DryRiver,SAV,40.09731445312502,57.2938309709231,2.228322849310808
DryRiver,SAV,41.64995727539065,58.7892743738798,2.2024582277530733
DryRiver,SAV,41.7268005371094,48.60281756401062,3.4717849675390133
DryRiver,SAV,39.79934082031252,41.82738594710827,4.249910613837703
DryRiver,SAV,39.12917480468752,32.7948870981733,4.3833332317213065
DryRiver,SAV,39.98577270507815,43.23896411709163,3.797877874082282
DryRiver,SAV,36.8405700683594,39.69653410464525,2.0825142900606353
DryRiver,SAV,41.77114257812502,54.64053023523755,3.875139715802267
DryRiver,SAV,40.56411132812502,64.86174390626991,2.5501584719507853
DryRiver,SAV,39.19777832031252,70.04870609803633,2.295942593760793
DryRiver,SAV,40.11629638671877,61.997034343389366,2.787692329867343
DryRiver,SAV,38.5465026855469,75.49206007957459,1.9885882693379897
Gingin,EBF,36.98406372070315,127.63763003879123,1.5578639320732008
Gingin,EBF,32.2681823730469,113.42008563689888,1.9298492015600548
Gingin,EBF,28.520013427734398,103.08098640808693,2.3396119083227376
Gingin,EBF,26.014855957031273,116.78037969632582,2.476285627892529
Gingin,EBF,33.03951416015627,109.24282497626085,1.6328930629999108
Gingin,EBF,37.2972351074219,75.50819814265908,1.705926792552052
Gingin,EBF,29.589105224609398,66.36863562837243,2.9502999603136053
Gingin,EBF,29.866693115234398,53.95693019628525,3.5779678446485152
Gingin,EBF,32.6378112792969,51.996614385928424,2.2997040593536604
Gingin,EBF,24.776666259765648,70.62844621724096,1.576579322556465
Gingin,EBF,37.2972351074219,75.50819814265908,1.705926792552052
Gingin,EBF,29.589105224609398,66.36863562837243,2.9502999603136053
Gingin,EBF,29.866693115234398,53.95693019628525,3.5779678446485152
Gingin,EBF,32.6378112792969,51.996614385928424,2.2997040593536604
Gingin,EBF,24.776666259765648,70.62844621724096,1.576579322556465
Gingin,EBF,37.49651489257815,95.5569052696228,2.5412325976058914
Gingin,EBF,37.30120239257815,105.78118869236538,2.1697295480944883
Gingin,EBF,35.77132568359377,100.42649008972305,2.4285190796799934
Gingin,EBF,32.71425781250002,87.72438194133618,2.9923004859603752
Gingin,EBF,27.011132812500023,87.49230066299438,3.275919259752508
Gingin,EBF,37.78154907226565,127.10211092850258,1.40787324016172
Gingin,EBF,27.783258056640648,33.95855244568416,2.667030970913865
Gingin,EBF,36.27129516601565,47.810956597328186,6.121159803777621
Gingin,EBF,30.816705322265648,42.62233099231013,7.2081374781481
Gingin,EBF,27.465753173828148,48.51008472075829,7.106362791910084
Gingin,EBF,37.8869567871094,136.72136249909033,1.202880609648657
Gingin,EBF,33.84804687500002,125.17152794982705,1.4139890027086783
Gingin,EBF,29.610833740234398,110.46826575542319,1.84302689460644
Gingin,EBF,27.512994384765648,108.11439976554651,2.1867068686438653
Gingin,EBF,24.470635986328148,106.25028784378715,2.0221789513839057
Gingin,EBF,37.98565063476565,137.84317436041655,1.2273670801379797
Gingin,EBF,30.557061767578148,114.32024293315821,1.5160530416492446
Gingin,EBF,30.678063964843773,122.2977340732302,1.6012630687584044
Gingin,EBF,29.861230468750023,115.95547945584569,1.6699950484363075
Gingin,EBF,25.922326660156273,100.34416537761689,2.584101542557154
Gingin,EBF,38.6424499511719,47.433081922859984,4.96972980944528
Gingin,EBF,34.98549804687502,60.95169367109026,4.73417669834953
Gingin,EBF,30.835687255859398,41.67960150153549,5.919702215381444
Gingin,EBF,28.489160156250023,50.294843583106996,6.066615505352035
Gingin,EBF,28.900781250000023,56.193282257426866,4.918066119928466
Gingin,EBF,38.9046569824219,54.14686857802527,4.25702527772571
Gingin,EBF,36.95696411132815,54.28682456193147,4.563641070336535
Gingin,EBF,33.5540710449219,43.51290579817512,6.378736248869395
Gingin,EBF,28.629235839843773,66.11392853409052,4.985229930587985
Gingin,EBF,33.14943847656252,63.57744014263153,4.52142509813673
Gingin,EBF,39.21633300781252,85.92761589231945,3.255078844821416
Gingin,EBF,35.67232666015627,88.10926516159721,2.4594419681091497
Gingin,EBF,38.19182739257815,89.85299497637256,1.6582275235437645
Gingin,EBF,33.12249145507815,90.03609484892625,3.0009297620291933
Gingin,EBF,27.770654296875023,88.0559371555293,3.5452879073636794
Gingin,EBF,39.61904296875002,34.80141572345947,4.112128577407043
Gingin,EBF,35.23272094726565,47.74090694884459,5.228523040104848
Gingin,EBF,29.690911865234398,57.8843295006525,4.765519485578544
Gingin,EBF,25.357049560546898,50.63843173533678,5.29220564538268
Gingin,EBF,25.793206787109398,35.32063151442486,6.436815500024111
Gingin,EBF,39.71831665039065,45.42118999588749,4.889123172193594
Gingin,EBF,39.19265136718752,44.86431987423982,3.8559023805636023
Gingin,EBF,38.2219177246094,56.84649788856506,4.017944301306652
Gingin,EBF,36.37056884765627,43.72445011138916,5.25912653261316
Gingin,EBF,31.876367187500023,58.08819019794464,4.348308229223735
Gingin,EBF,40.14177856445315,44.22188467780749,5.26725523797781
Gingin,EBF,39.26580200195315,41.89570925065449,6.138014353485924
Gingin,EBF,36.98226318359377,43.2937225144485,6.469140257457225
Gingin,EBF,34.77752075195315,51.20561851154674,6.28604966189227
Gingin,EBF,35.29830322265627,39.85893499851227,7.138672209872584
Gingin,EBF,40.1998229980469,74.87487321832906,2.99276444998043
Gingin,EBF,38.29815063476565,74.933841475734,2.4465012376650868
Gingin,EBF,34.55166015625002,72.4215520620346,2.2935796459668474
Gingin,EBF,32.70015869140627,70.22905405668112,3.001372346962646
Gingin,EBF,30.865441894531273,68.49246670459878,3.1195204258422273
Gingin,EBF,40.31038818359377,74.69465514024098,3.5248319283429943
Gingin,EBF,39.00518188476565,72.08551683911571,3.4152886790360713
Gingin,EBF,32.64388427734377,76.31071826389858,3.8393966902069314
Gingin,EBF,25.248071289062523,68.31818826993306,4.5271698512465575
Gingin,EBF,25.716577148437523,58.14759094516436,4.970776966222713
Gingin,EBF,40.4118591308594,140.1264424865896,1.3929870724305435
Gingin,EBF,38.27019653320315,103.2995919585228,0.9214958860240587
Gingin,EBF,37.77999267578127,112.90655423854959,1.6223105891515852
Gingin,EBF,36.78988037109377,141.50404242811533,1.225717814526175
Gingin,EBF,32.29448852539065,126.24016831602368,1.6734636177729818
Gingin,EBF,41.04403076171877,84.01205409091452,3.2384650746539263
Gingin,EBF,39.77456054687502,132.593527674675,0.669015472149455
Gingin,EBF,37.37688598632815,81.04272057533264,2.28767391705662
Gingin,EBF,39.14666137695315,72.25913829803467,3.9373664894600595
Gingin,EBF,26.280694580078148,58.46703496216624,5.80273695177544
Gingin,EBF,41.5644470214844,101.07684448787144,2.521094112104088
Gingin,EBF,34.9348083496094,79.75875801699502,3.1148166489713214
Gingin,EBF,27.407739257812523,73.99601516127586,3.6847303797839954
Gingin,EBF,27.751855468750023,105.77862981796265,3.1312554594380777
Gingin,EBF,29.058007812500023,115.28661359328291,2.7548480389739614
Gingin,EBF,41.87258300781252,85.68633511165778,1.9210785974075404
Gingin,EBF,39.22365722656252,58.49787586299997,2.660913632033208
Gingin,EBF,34.65703735351565,61.33246409893036,4.17907683311968
Gingin,EBF,29.775720214843773,49.467949991640836,5.539435738197335
Gingin,EBF,40.44671020507815,69.71679294586181,2.706270769699718
Gingin,EBF,41.90569458007815,51.79235198795796,5.0981182450178
Gingin,EBF,40.3565612792969,45.07718228376829,5.723298147581393
Gingin,EBF,36.8146911621094,53.80780930519104,5.681201524967289
Gingin,EBF,32.09661254882815,40.365182173879525,9.55525182314882
Gingin,EBF,29.599267578125023,43.47585672093555,9.581424448843427
Gingin,EBF,41.98574218750002,44.70964872360229,5.221606466952568
Gingin,EBF,40.9141784667969,38.88242080476549,4.2461268841880635
Gingin,EBF,37.2676940917969,35.241138045787814,7.843880101910992
Gingin,EBF,31.376336669921898,49.169809151263465,6.53347938252993
Gingin,EBF,27.983148193359398,44.28619202445535,6.857346357826986
Gingin,EBF,42.13936767578127,79.90112011560372,2.1762586373756636
Gingin,EBF,37.83565673828127,72.25792651340879,3.045879894714291
Gingin,EBF,41.90725097656252,75.7526426491914,1.6492697490008814
Gingin,EBF,37.62505493164065,70.27595094534067,0.8079738368984875
Gingin,EBF,41.25554809570315,90.18067170794194,3.1067454905301526
Gingin,EBF,42.13936767578127,79.90112011560372,2.1762586373756636
Gingin,EBF,37.83565673828127,72.25792651340879,3.045879894714291
Gingin,EBF,41.90725097656252,75.7526426491914,1.6492697490008814
Gingin,EBF,37.62505493164065,70.27595094534067,0.8079738368984875
Gingin,EBF,41.25554809570315,90.18067170794194,3.1067454905301526
Gingin,EBF,45.11431274414065,80.86014250346592,2.5951308508331983
Gingin,EBF,35.10640869140627,68.16259694099426,4.215202154846231
Gingin,EBF,29.780267333984398,62.032628698349,5.621801770647321
Gingin,EBF,28.305810546875023,62.277959232330325,4.300477309285088
Gingin,EBF,27.145867919921898,63.68932753023894,5.760846220124862
GreatWesternWoodlands,EBF,38.21734008789065,38.09436374643575,4.414050914020161
GreatWesternWoodlands,EBF,33.4269958496094,33.813857739621945,6.207366276096996
GreatWesternWoodlands,EBF,31.087548828125023,35.07534899976518,6.101483644814935
GreatWesternWoodlands,EBF,29.037408447265648,33.27156396916038,7.589899408792976
GreatWesternWoodlands,EBF,29.214562988281273,41.69839835166931,5.369301287111775
GreatWesternWoodlands,EBF,38.21734008789065,38.09436374643575,4.414050914020161
GreatWesternWoodlands,EBF,33.4269958496094,33.813857739621945,6.207366276096996
GreatWesternWoodlands,EBF,31.087548828125023,35.07534899976518,6.101483644814935
GreatWesternWoodlands,EBF,29.037408447265648,33.27156396916038,7.589899408792976
GreatWesternWoodlands,EBF,29.214562988281273,41.69839835166931,5.369301287111775
GreatWesternWoodlands,EBF,38.30336914062502,19.458729473027315,6.362446277277334
GreatWesternWoodlands,EBF,37.57265625000002,18.486518215049397,7.435696195500986
GreatWesternWoodlands,EBF,34.09603271484377,18.99484477094982,8.80299122731605
GreatWesternWoodlands,EBF,31.166650390625023,22.289659436543783,10.880139710302032
GreatWesternWoodlands,EBF,29.560052490234398,32.00443821483188,7.3440481740576224
GreatWesternWoodlands,EBF,39.02614746093752,58.829020764146534,2.3194684996749917
GreatWesternWoodlands,EBF,33.98540649414065,56.70594339966774,3.1516607475509053
GreatWesternWoodlands,EBF,28.059594726562523,55.44630961191086,3.810959091888724
GreatWesternWoodlands,EBF,26.148187255859398,78.34927372498946,2.9164588559605233
GreatWesternWoodlands,EBF,27.749353027343773,85.18514907836914,0.8581543850892476
GreatWesternWoodlands,EBF,39.03768310546877,70.41758467674255,1.6782392000009023
GreatWesternWoodlands,EBF,35.89370117187502,80.15040792737689,2.1234584610079112
GreatWesternWoodlands,EBF,29.934899902343773,73.84717697143554,2.8064215815305715
GreatWesternWoodlands,EBF,23.583093261718773,79.68838075491098,2.5740297492521402
GreatWesternWoodlands,EBF,35.71322021484377,111.88970817459955,0.7035115200608787
GreatWesternWoodlands,EBF,39.73031005859377,42.96466903202236,2.460759254103143
GreatWesternWoodlands,EBF,37.65383300781252,31.462216432447786,6.340836815006332
GreatWesternWoodlands,EBF,34.92861328125002,41.73597580194473,5.984187365541192
GreatWesternWoodlands,EBF,35.30486450195315,30.022049007139035,6.262993711142554
GreatWesternWoodlands,EBF,30.958978271484398,43.31808619065718,5.393717352556386
GreatWesternWoodlands,EBF,41.2689147949219,26.61359495208377,6.43600001234229
GreatWesternWoodlands,EBF,35.1780944824219,32.63360695655529,8.242325917319672
GreatWesternWoodlands,EBF,35.99996337890627,28.34210038812537,7.245496784356975
GreatWesternWoodlands,EBF,31.049066162109398,32.9321613535285,7.152406343335594
GreatWesternWoodlands,EBF,25.304010009765648,33.37814335525036,7.313662235608434
GreatWesternWoodlands,EBF,41.61458740234377,56.04154841105143,2.6083820346881454
GreatWesternWoodlands,EBF,35.5549255371094,62.18383485620672,3.5003740812581823
GreatWesternWoodlands,EBF,30.351495361328148,52.79299757594154,4.5824051439657945
GreatWesternWoodlands,EBF,33.04058227539065,69.438921993429,1.9550183045440859
GreatWesternWoodlands,EBF,27.259393310546898,83.01552854884754,2.6529443685402447
GreatWesternWoodlands,EBF,45.76180419921877,28.05830409310081,5.485588005626138
GreatWesternWoodlands,EBF,44.95879516601565,31.25987222671509,5.8245747675602
GreatWesternWoodlands,EBF,43.68770751953127,30.269970566034317,5.560894672228754
GreatWesternWoodlands,EBF,32.46010742187502,15.708566936579617,1.9732984561034193
GreatWesternWoodlands,EBF,35.5788513183594,26.34941638083685,9.565270152698337
HowardSprings,SAV,37.00225219726565,125.7146414120992,0.7751567527054781
HowardSprings,SAV,36.52971801757815,160.278566101323,1.1642386603425872
HowardSprings,SAV,34.01754150390627,94.95741614309901,1.4210852545537103
HowardSprings,SAV,33.49624023437502,74.04677298435799,2.2280287561817915
HowardSprings,SAV,33.86690673828127,94.9075456404686,1.6005409532365302
HowardSprings,SAV,37.00225219726565,125.7146414120992,0.7751567527054781
HowardSprings,SAV,36.52971801757815,160.278566101323,1.1642386603425872
HowardSprings,SAV,34.01754150390627,94.95741614309901,1.4210852545537103
HowardSprings,SAV,33.49624023437502,74.04677298435799,2.2280287561817915
HowardSprings,SAV,33.86690673828127,94.9075456404686,1.6005409532365302
HowardSprings,SAV,37.13689575195315,189.9861876346447,0.24558811236237366
HowardSprings,SAV,35.2877136230469,239.72167666753134,0.27406135734636117
HowardSprings,SAV,34.14800415039065,248.6440572584117,0.2451640726790713
HowardSprings,SAV,35.8690124511719,232.89664956239554,0.19761764884009014
HowardSprings,SAV,33.91219482421877,150.50120973587036,0.3947142015183108
HowardSprings,SAV,37.1699157714844,142.34013522189596,1.3799179482564412
HowardSprings,SAV,35.89434204101565,146.25992238521576,0.9717999846095181
HowardSprings,SAV,35.1556335449219,156.9247869849205,0.6982041379096935
HowardSprings,SAV,34.86666259765627,129.33725976092475,1.0490829273596647
HowardSprings,SAV,34.17434082031252,114.27062124661778,0.9469464420212851
HowardSprings,SAV,37.53374633789065,115.03117880613908,1.4300840646252901
HowardSprings,SAV,36.34194335937502,140.53084363540015,1.0695754540269602
HowardSprings,SAV,35.2177673339844,89.55609430096767,1.5193670134774175
HowardSprings,SAV,36.65264282226565,106.81775217503309,1.2243676161429553
HowardSprings,SAV,35.4748474121094,105.81352668762207,1.5337157380519
HowardSprings,SAV,37.6584411621094,111.52987073597156,1.3529895976653556
HowardSprings,SAV,36.84444580078127,90.25400764291936,2.030900257321365
HowardSprings,SAV,36.44057617187502,69.08672484484586,2.677193830207436
HowardSprings,SAV,35.7191101074219,79.09976529572968,1.9123539741433995
HowardSprings,SAV,35.53664550781252,75.64655518875672,2.019972897881809
HowardSprings,SAV,37.6584411621094,111.52987073597156,1.3529895976653556
HowardSprings,SAV,36.84444580078127,90.25400764291936,2.030900257321365
HowardSprings,SAV,36.44057617187502,69.08672484484586,2.677193830207436
HowardSprings,SAV,35.7191101074219,79.09976529572968,1.9123539741433995
HowardSprings,SAV,35.53664550781252,75.64655518875672,2.019972897881809
HowardSprings,SAV,37.9262634277344,220.92000453368476,0.2969466185938114
HowardSprings,SAV,37.04744873046877,105.25769132375717,1.4215447325614483
HowardSprings,SAV,36.20571289062502,139.87366948219446,0.846422427253758
HowardSprings,SAV,35.10930786132815,130.435057254938,0.8214425294075884
HowardSprings,SAV,35.96785888671877,126.85294567971002,1.16796401214203
HowardSprings,SAV,37.9431091308594,73.70152911932573,2.860670690554318
HowardSprings,SAV,36.4947448730469,92.84067699880828,1.9389036704729543
HowardSprings,SAV,36.0107360839844,52.577700755993526,3.3345961636059767
HowardSprings,SAV,36.37200317382815,64.67213943600655,3.2592914501608443
HowardSprings,SAV,36.81438598632815,80.42197074219584,2.0963192269822972
HowardSprings,SAV,38.49099121093752,225.85105568885803,0.5195203400949016
HowardSprings,SAV,36.29470214843752,185.38611602783203,0.8374306636107295
HowardSprings,SAV,36.47466430664065,130.8392967700958,0.5905502930060731
HowardSprings,SAV,35.8038269042969,121.74264600686729,0.7776788410923731
HowardSprings,SAV,36.3560729980469,139.29447462558747,0.6184034212597959
HowardSprings,SAV,38.85396728515627,96.87195148251273,1.8137509272398722
HowardSprings,SAV,38.12313232421877,130.15055133445333,1.534027349916075
HowardSprings,SAV,36.99163208007815,118.9935991404992,1.27522673131676
HowardSprings,SAV,36.9993835449219,77.20284552323191,1.7117408043035376
HowardSprings,SAV,37.5767761230469,97.30097978011422,1.5426475923667036
HowardSprings,SAV,38.85445556640627,105.6255002784729,1.6818236231061388
HowardSprings,SAV,36.33333740234377,132.48460204526782,1.2888632773804665
HowardSprings,SAV,36.54812011718752,104.68283174348915,1.7661510645270624
HowardSprings,SAV,37.9957214355469,135.93862289648789,0.9451768843288949
HowardSprings,SAV,36.6570983886719,117.8598080385815,1.7149605448232819
Tumbarumba,EBF,32.23861083984377,186.62183484164152,0.690542798145475
Tumbarumba,EBF,30.415734863281273,200.69275309489325,0.6933079641614468
Tumbarumba,EBF,29.319818115234398,190.64126427968344,0.6254367428637643
Tumbarumba,EBF,27.781182861328148,155.75410447801863,0.8236417585771708
Tumbarumba,EBF,28.493890380859398,142.2872172643741,0.8845725840420202
Whroo,EBF,38.51925048828127,113.02671843987925,1.9972469082429125
Whroo,EBF,27.699029541015648,106.72143823759896,2.7554949232128196
Whroo,EBF,32.6103454589844,101.01476480847313,1.3582222135820639
Whroo,EBF,30.729455566406273,93.00264222508875,2.090275356765885
Whroo,EBF,27.568139648437523,125.90930227296693,1.8566373179050417
Whroo,EBF,38.73549804687502,78.29349613189697,2.7713279252985834
Whroo,EBF,32.6079040527344,67.62569920771888,3.356917142767284
Whroo,EBF,28.338677978515648,76.42513156862094,2.842063958136264
Whroo,EBF,20.754724121093773,115.91626478124547,2.504427345561193
Whroo,EBF,26.597619628906273,184.1628589630127,0.6286528444193421
Whroo,EBF,39.0712829589844,89.23945829043022,1.9565847545204371
Whroo,EBF,33.5281921386719,93.0028960108757,2.49875744677792
Whroo,EBF,30.518334960937523,114.78156617592121,2.4208164374091647
Whroo,EBF,26.576959228515648,136.45525083870723,1.9953602674635296
Whroo,EBF,35.85341796875002,70.15015941196017,1.9719788495781039
Whroo,EBF,40.6396423339844,62.06432541517111,3.4043044837279597
Whroo,EBF,36.15303955078127,83.72151921345638,2.714362074147552
Whroo,EBF,31.837762451171898,49.63169691195855,4.845127562601538
Whroo,EBF,25.773858642578148,88.90520619494575,2.933096980612175
Whroo,EBF,19.812371826171898,54.62299607594808,0.08297127802602167
Whroo,EBF,41.80767211914065,57.000212881300186,4.152672439116149
Whroo,EBF,33.49801025390627,68.4481043368578,4.708483358212013
Whroo,EBF,37.41262207031252,81.82340636620155,3.7515716883044963
Whroo,EBF,40.15279541015627,51.59368052975885,4.72792080485895
Whroo,EBF,37.50570068359377,41.46986327852522,5.069738511900173
Whroo,EBF,41.98696289062502,72.82994203214292,2.9600352338275893
Whroo,EBF,40.6320739746094,80.40991598988573,2.7925460934370006
Whroo,EBF,38.0189147949219,76.87321161230405,3.65671836609102
Whroo,EBF,38.11309204101565,60.89160108566284,3.420261101646595
Whroo,EBF,29.255761718750023,77.19720303570783,4.044791978425161
Whroo,EBF,42.37935791015627,75.17669084337022,2.3881086339946673
Whroo,EBF,41.73467407226565,65.0768494076199,2.863814804246265
Whroo,EBF,41.46904907226565,74.77365686212268,2.8640023743505294
Whroo,EBF,37.56112060546877,83.7861083470858,2.6754722949477747
Whroo,EBF,31.072656250000023,75.79552613771878,4.171005037084553
WombatStateForest,EBF,37.67507324218752,241.86785898889815,0.37200486332243143
WombatStateForest,EBF,33.13045654296877,206.01744815281458,0.6544281795736107
WombatStateForest,EBF,23.459313964843773,178.29473265012106,1.0903357931811208
WombatStateForest,EBF,23.946740722656273,159.17659595489502,1.3817768695103612
WombatStateForest,EBF,28.294610595703148,156.13415937070494,1.1647175245962087
